{
  "images" : [
    {
      "filename" : "ic_keyboard_tap=locate_ic.png",
      "idiom" : "universal",
      "scale" : "1x"
    },
    {
      "filename" : "ic_keyboard_tap=locate_ic@2x.png",
      "idiom" : "universal",
      "scale" : "2x"
    },
    {
      "filename" : "ic_keyboard_tap=locate_ic@3x.png",
      "idiom" : "universal",
      "scale" : "3x"
    }
  ],
  "info" : {
    "author" : "xcode",
    "version" : 1
  },
  "properties" : {
    "template-rendering-intent" : "original"
  }
}
